game-name-usa,level-id,level-name,image-file-name,animated,system,developer,year,series,labels,rip-credit,rip-credit-url
Art of Fighting,1,The Guardian (John),aof_john_theGuardian.gif,TRUE,Neo Geo,SNK,1992,Art of Fighting,,,
Art of Fighting,2,L'Amor (King),aof_lamor_king.gif,TRUE,Neo Geo,SNK,1992,Art of Fighting,,,
Art of Fighting,3,Mac's Bar (Jack),aof_macsBar.gif,TRUE,Neo Geo,SNK,1992,Art of Fighting,,,
Art of Fighting 2,4,Robert,aof2_robertHouse.gif,TRUE,Neo Geo,SNK,1994,Art of Fighting,,,
Art of Fighting 2,5,Jack,aof2_bikerBar.gif,TRUE,Neo Geo,SNK,1994,Art of Fighting,,,
Art of Fighting 2,6,John,aof2_propPlane.gif,TRUE,Neo Geo,SNK,1994,Art of Fighting,,,
Art of Fighting 2,7,Airport,aof2_airport.gif,TRUE,Neo Geo,SNK,1994,Art of Fighting,,,
Art of Fighting 2,8,Lee,aof2_downtownHongKong.gif,TRUE,Neo Geo,SNK,1994,Art of Fighting,,,
Art of Fighting 2,9,Yuri,aof2_gym.gif,TRUE,Neo Geo,SNK,1994,Art of Fighting,,,
Art of Fighting 2,10,King,aof2_carnival.gif,TRUE,Neo Geo,SNK,1994,Art of Fighting,,,
Art of Fighting 3,11,Gas Station,"aof3_gasStation.gif,aof3_gasStationNight.gif",TRUE,Neo Geo,SNK,1996,Art of Fighting,"Dusk,Night",,
Art of Fighting 3,12,Market,aof3_market.gif,TRUE,Neo Geo,SNK,1996,Art of Fighting,,,
Art of Fighting 3,13,Fountains,"aof3_fountain.gif,aof3_fountainsAtNight.gif",TRUE,Neo Geo,SNK,1996,Art of Fighting,"Day,Night",,
Art of Fighting 3,176,Train Tracks,"aof3_trainTracks.gif,aof3_trainTracksNight.gif",TRUE,Neo Geo,SNK,1996,Art of Fighting,"Day,Night",,
Art of Fighting 3,254,Fireworks,aof3_fireworks.gif,TRUE,Neo Geo,SNK,1996,Art of Fighting,,,
Art of Fighting 3,256,Library,aof3_library.gif,TRUE,Neo Geo,SNK,1996,Art of Fighting,,,
Art of Fighting 3,257,Santana,aof3_santana.gif,TRUE,Neo Geo,SNK,1996,Art of Fighting,,,
Breakers Revenge,285,Alsion III,breakersRevenge_alsionIII.gif,TRUE,Neo Geo,Visco,1996,Breakers,,,
Breakers Revenge,286,Condor,breakersRevenge_condor.gif,TRUE,Neo Geo,Visco,1996,Breakers,,,
Breakers Revenge,287,Pielle,breakersRevenge_pielle.gif,TRUE,Neo Geo,Visco,1996,Breakers,,,
Breakers Revenge,288,Maherl,breakersRevenge_maherl.gif,TRUE,Neo Geo,Visco,1996,Breakers,,,
Darkstalkers 3,14,Fetus of God,darkstalkers3_fetusOfGod.gif,TRUE,CPS2,Capcom,1997,Darkstalkers,,,
Darkstalkers 3,172,Vanity Paradise,darkstalkers3_vanityParadise.gif,TRUE,CPS2,Capcom,1997,Darkstalkers,,,
Fatal Fury,15,Pao Pao Cafe,FatalFury-PaoPaoCafe.gif,TRUE,Neo Geo,SNK,1991,Fatal Fury,,,
Fatal Fury,170,Sound Beach,ff_soundBeach.gif,TRUE,Neo Geo,SNK,1991,Fatal Fury,,,
Fatal Fury,178,South Town Village,ff_billyKane.gif,TRUE,Neo Geo,SNK,1991,Fatal Fury,,,
Fatal Fury,179,Happy Park,ff_happyPark.gif,TRUE,Neo Geo,SNK,1991,Fatal Fury,,,
Fatal Fury,180,Howard Arena,ff_howardArena.gif,TRUE,Neo Geo,SNK,1991,Fatal Fury,,,
Fatal Fury,258,Dream Amusement Park,ff_dreamAmusementPark.gif,TRUE,Neo Geo,SNK,1991,Fatal Fury,,,
Fatal Fury 2,16,Joe Higashi,ff2_joe.gif,TRUE,Neo Geo,SNK,1992,Fatal Fury,,,
Fatal Fury 2,17,Billy Kane,ff2_billyKane.gif,TRUE,Neo Geo,SNK,1992,Fatal Fury,,,
Fatal Fury 2,18,Andy,ff2_venice.gif,TRUE,Neo Geo,SNK,1992,Fatal Fury,,,
Fatal Fury 2,19,Big Bear,ff2_bigbear.gif,TRUE,Neo Geo,SNK,1992,Fatal Fury,,,
Fatal Fury 2,20,Axel,ff2_axel.gif,TRUE,Neo Geo,SNK,1992,Fatal Fury,,,
Fatal Fury 2,21,Jubei,ff2_jubei.gif,TRUE,Neo Geo,SNK,1992,Fatal Fury,,,
Fatal Fury 3,22,South Town Airport (Franco),ff3_franco.gif,TRUE,Neo Geo,SNK,1995,Fatal Fury,,,
Fatal Fury 3,23,Pao Pao Cafe 2 (Bob),ff3_bob.gif,TRUE,Neo Geo,SNK,1995,Fatal Fury,,,
Garou: Mark of the Wolves,24,Kevin,motw_kevin.gif,TRUE,Neo Geo,SNK,1999,Fatal Fury,,,
Garou: Mark of the Wolves,26,Palace,garou_palace.gif,TRUE,Neo Geo,SNK,1999,Fatal Fury,,,
Garou: Mark of the Wolves,27,Dong Hwan,motw_donghwan.gif,TRUE,Neo Geo,SNK,1999,Fatal Fury,,,
Garou: Mark of the Wolves,28,Rock Howard,motw_downtown.gif,TRUE,Neo Geo,SNK,1999,Fatal Fury,,,
Garou: Mark of the Wolves,29,Waterfalls,"motw_waterfalls.gif,motw_waterfallsNight.gif",TRUE,Neo Geo,SNK,1999,Fatal Fury,"Dusk,Night",,
Garou: Mark of the Wolves,30,Bonne Jenet,motw_boatCrash.gif,TRUE,Neo Geo,SNK,1999,Fatal Fury,,,
Garou: Mark of the Wolves,31,Hotaru,motw_hotaru.gif,TRUE,Neo Geo,SNK,1999,Fatal Fury,,,
Garou: Mark of the Wolves,32,Jae Hoon,motw_jaeHoon.gif,TRUE,Neo Geo,SNK,1999,Fatal Fury,,,
Garou: Mark of the Wolves,33,Bad Neighborhood,motw_badNeighborhood.gif,TRUE,Neo Geo,SNK,1999,Fatal Fury,,,
Garou: Mark of the Wolves,34,Butt,motw_butt.gif,TRUE,Neo Geo,SNK,1999,Fatal Fury,,,
Garou: Mark of the Wolves,35,Terry,motw_terry2.gif,TRUE,Neo Geo,SNK,1999,Fatal Fury,,,
Garou: Mark of the Wolves,36,Hokutomaru,motw_hokutomaru.gif,TRUE,Neo Geo,SNK,1999,Fatal Fury,,,
Garou: Mark of the Wolves,37,Tizoc,motw_tizoc.gif,TRUE,Neo Geo,SNK,1999,Fatal Fury,,,
Garou: Mark of the Wolves,276,Grant,motw_grant.gif,TRUE,Neo Geo,SNK,1999,Fatal Fury,,,
Garou: Mark of the Wolves,277,Freight Express,motw_freightExpress.gif,TRUE,Neo Geo,SNK,1999,Fatal Fury,,,
Garou: Mark of the Wolves,278,S.S.P. Maneuver Field at Night,motw_sspManeuverFieldAtNight.gif,TRUE,Neo Geo,SNK,1999,Fatal Fury,,,
Real Bout Fatal Fury,38,South Town Bridge,rbff_southTownBridge.png,FALSE,Neo Geo,SNK,1995,Fatal Fury,,,
Real Bout Fatal Fury,39,Sound Beach,rbff_soundBeach.gif,FALSE,Neo Geo,SNK,1995,Fatal Fury,,,
Real Bout Fatal Fury 2,40,Chonshu,rb2_chonshu.gif,TRUE,Neo Geo,SNK,1998,Fatal Fury,,,
Real Bout Fatal Fury 2,41,USA Highway (Terry),rb2_chickenOfTheSea.gif,TRUE,Neo Geo,SNK,1998,Fatal Fury,,,
Real Bout Fatal Fury 2,42,Xiangfei,rb2_xiangfei.gif,TRUE,Neo Geo,SNK,1998,Fatal Fury,,,
Real Bout Fatal Fury 2,43,Alfred,rb2_alfred.gif,TRUE,Neo Geo,SNK,1998,Fatal Fury,,,
Real Bout Fatal Fury 2,266,Chonrei,rb2_chonrei.gif,TRUE,Neo Geo,SNK,1998,Fatal Fury,,,
Real Bout Fatal Fury 2,267,Hon Fu,rb2_honFu.gif,TRUE,Neo Geo,SNK,1998,Fatal Fury,,,
Real Bout Fatal Fury Special,44,The Beach,"rbs_beach.gif,rbs_beachDusk.gif,rbs_beachNight.gif",TRUE,Neo Geo,SNK,1997,Fatal Fury,"Round 1,Round 2,Round 3",,
Real Bout Fatal Fury Special,207,Billy Kane,rbs_billyKane.gif,TRUE,Neo Geo,SNK,1997,Fatal Fury,,,
Real Bout Fatal Fury Special,208,Hong Kong,rbs_hongKong.gif,TRUE,Neo Geo,SNK,1997,Fatal Fury,,,
Kabuki Klash,163,Togakushi (Tsunade),kabukiKlash_waterWheel.gif,TRUE,Neo Geo,Hudson,1995,Kabuki Klash,,,
Kabuki Klash,164,Kyou (Kabuki),kabukiKlash_kabuki.gif,TRUE,Neo Geo,Hudson,1995,Kabuki Klash,,,
Kabuki Klash,165,Noto (Gokuraku),kabukiKlash_gokuraku.gif,TRUE,Neo Geo,Hudson,1995,Kabuki Klash,,,
Kabuki Klash,166,Ooeyama (Kinu),kabukiKlash_kinu.gif,TRUE,Neo Geo,Hudson,1995,Kabuki Klash,,,
Kabuki Klash,167,Edo (Karakuri),kabukiKlash_karakuri.gif,TRUE,Neo Geo,Hudson,1995,Kabuki Klash,,,
The King of Fighters '94,45,Team USA,kof94_usa.gif,TRUE,Neo Geo,SNK,1994,King of Fighters,,,
The King of Fighters '94,46,Team Italy,kof94_italy.gif,TRUE,Neo Geo,SNK,1994,King of Fighters,,,
The King of Fighters '94,47,Team Korea,kof94_korea.gif,TRUE,Neo Geo,SNK,1994,King of Fighters,,,
The King of Fighters '94,48,Team Mexico,kof94_mexico.gif,TRUE,Neo Geo,SNK,1994,King of Fighters,,,
The King of Fighters '94,49,Team Japan,kof94_japan.gif,TRUE,Neo Geo,SNK,1994,King of Fighters,,,
The King of Fighters '94,50,Team Brazil,kof94_brazil.gif,TRUE,Neo Geo,SNK,1994,King of Fighters,,,
The King of Fighters '94,51,Rugal,kof94_rugal.gif,TRUE,Neo Geo,SNK,1994,King of Fighters,,,
The King of Fighters '94,183,Team China,kof94_china.gif,TRUE,Neo Geo,SNK,1994,King of Fighters,,,
The King of Fighters '94,184,Team England,kof94_womenFighters.gif,TRUE,Neo Geo,SNK,1994,King of Fighters,,,
The King of Fighters '95,52,Team Japan,kof95_japan.gif,FALSE,Neo Geo,SNK,1995,King of Fighters,,,
The King of Fighters '95,53,Team Korea,kof95_korea.gif,TRUE,Neo Geo,SNK,1995,King of Fighters,,,
The King of Fighters '95,54,Team Psycho Soldiers,kof95_china.gif,TRUE,Neo Geo,SNK,1995,King of Fighters,,,
The King of Fighters '95,55,Team Rivals,kof95_iori.gif,TRUE,Neo Geo,SNK,1995,King of Fighters,,,
The King of Fighters '95,56,Team Mexico,kof95_aofElevator.gif,TRUE,Neo Geo,SNK,1995,King of Fighters,,,
The King of Fighters '95,185,Team Brazil,kof95_brazil.gif,TRUE,Neo Geo,SNK,1995,King of Fighters,,,
The King of Fighters '95,186,Team Italy,kof95_italy.gif,TRUE,Neo Geo,SNK,1995,King of Fighters,,,
The King of Fighters '95,187,Boss,"kof95_saisyu.gif,kof95_rugal.gif",TRUE,Neo Geo,SNK,1995,King of Fighters,"Saisyu,Rugal",,
The King of Fighters '95,188,Team England,kof95_england.gif,TRUE,Neo Geo,SNK,1995,King of Fighters,,,
The King of Fighters '96,57,Osaka at Night,kof96_japan.gif,TRUE,Neo Geo,SNK,1996,King of Fighters,,,
The King of Fighters '96,58,Skyscraper Restaurant,kof96_womenFightersTeam.gif,TRUE,Neo Geo,SNK,1996,King of Fighters,,,
The King of Fighters '96,59,Southtown Railroad  ,"kof96_dusk.gif,kof96_trainTracksDay.gif",TRUE,Neo Geo,SNK,1996,King of Fighters,"Dusk,Noon",,
The King of Fighters '96,60,The Strolheim Tunnel,kof96_gondolas.gif,TRUE,Neo Geo,SNK,1996,King of Fighters,,,
The King of Fighters '96,61,Gyeongbokgung Palace Waterway,kof96_korea.gif,TRUE,Neo Geo,SNK,1996,King of Fighters,,,
The King of Fighters '96,63,Kagura Stadium,"kof96_chizuru.gif,kof96_goenitz.gif",TRUE,Neo Geo,SNK,1996,King of Fighters,"Chizuru,Goenitz",,
The King of Fighters '96,189,The Shipyard,kof96_boats.gif,TRUE,Neo Geo,SNK,1996,King of Fighters,,,
The King of Fighters '96,190,Ikari Warboat,kof96_ikariWarriors.gif,TRUE,Neo Geo,SNK,1996,King of Fighters,,,
The King of Fighters '96,261,Osaka at Noon,kof96_tokyoAthena.gif,TRUE,Neo Geo,SNK,1996,King of Fighters,,,
The King of Fighters '97,64,USA  ,kof97_usa.gif,TRUE,Neo Geo,SNK,1997,King of Fighters,,,
The King of Fighters '97,65,Monaco,kof97_racetrack.gif,TRUE,Neo Geo,SNK,1997,King of Fighters,,,
The King of Fighters '97,66,Bali,kof97_bali.gif,TRUE,Neo Geo,SNK,1997,King of Fighters,,,
The King of Fighters '97,247,Korean Stage,kof97_stage.gif,TRUE,Neo Geo,SNK,1997,King of Fighters,,,
The King of Fighters '98,67,Tokyo Traffic (Japan),kof98_traffic.gif,TRUE,Neo Geo,SNK,1998,King of Fighters,,,
The King of Fighters '98,68,Spain,kof98_mosque.gif,TRUE,Neo Geo,SNK,1998,King of Fighters,,,
The King of Fighters '98,69,Fireflies (Japan),kof98_dojoThing.gif,TRUE,Neo Geo,SNK,1998,King of Fighters,,,
The King of Fighters '98,191,Middle East,kof98_middleEast.gif,TRUE,Neo Geo,SNK,1998,King of Fighters,,,
The King of Fighters '98,192,USA,kof98_usa.gif,TRUE,Neo Geo,SNK,1998,King of Fighters,,,
The King of Fighters '98,253,USA 2,kof98_usa2.gif,TRUE,Neo Geo,SNK,1998,King of Fighters,,,
The King of Fighters '99,70,Sewer,kof99_sewer.gif,TRUE,Neo Geo,SNK,1999,King of Fighters,,,
The King of Fighters '99,71,Airport,kof99_airport.gif,TRUE,Neo Geo,SNK,1999,King of Fighters,,,
The King of Fighters '99,72,Museum,kof99_museum.gif,TRUE,Neo Geo,SNK,1999,King of Fighters,,,
The King of Fighters '99,171,Park,"kof99_park1.gif,kof99_park2.gif,kof99_park3.gif",TRUE,Neo Geo,SNK,1999,King of Fighters,"Round 1,Round 2,Round 3",,
The King of Fighters 2000,73,Factory,kof2000_factory.gif,TRUE,Neo Geo,SNK,2000,King of Fighters,,,
The King of Fighters 2000,74,Egypt,kof2000_egypt.gif,TRUE,Neo Geo,SNK,2000,King of Fighters,,,
The King of Fighters 2000,75,Wharf,kof2000_wharf.gif,TRUE,Neo Geo,SNK,2000,King of Fighters,,,
The King of Fighters 2000,76,Aquarium,kof2000_aquarium.gif,TRUE,Neo Geo,SNK,2000,King of Fighters,,,
The King of Fighters 2001,77,Twirling Hair,kof2k1_hair.gif,TRUE,Neo Geo,Eolith,2001,King of Fighters,,,
The King of Fighters 2001,181,Brazil,kof2001_brazil.gif,TRUE,Neo Geo,Eolith,2001,King of Fighters,,,
The King of Fighters 2001,182,Mexico,kof2001_mexico.gif,TRUE,Neo Geo,Eolith,2001,King of Fighters,,,
The King of Fighters 2001,246,Korea,kof2001_korea.gif,TRUE,Neo Geo,Eolith,2001,King of Fighters,,,
The King of Fighters 2001,259,China,kof2001_china.gif,TRUE,Neo Geo,Eolith,2001,King of Fighters,,,
The King of Fighters 2001,260,Italy,kof2001_italy.gif,TRUE,Neo Geo,Eolith,2001,King of Fighters,,,
The King of Fighters 2001,275,USA,kof2001_usa.gif,TRUE,Neo Geo,Eolith,2001,King of Fighters,,,
The King of Fighters 2003,78,China,kof2k3-china2.png,FALSE,Neo Geo,SNK Playmore,2003,King of Fighters,,,
The King of Fighters XI,79,Alley,kofxialleybgzyde.gif,TRUE,Atomiswave,SNK Playmore,2005,King of Fighters,,,
The King of Fighters XI,80,The Final Hall,kofxithefinalhallbg4xvi.gif,TRUE,Atomiswave,SNK Playmore,2005,King of Fighters,,,
The King of Fighters XI,248,Ruins,kofxiruinsbg9x6w.gif,TRUE,Atomiswave,SNK Playmore,2005,King of Fighters,,,
The King of Fighters XII,81,France,kof12_france.jpg,FALSE,X2,SNK Playmore,2009,King of Fighters,,,
Marvel Super Heroes vs Street Fighter,82,Manhattan,MarvelSuperHeroesVsStreetFighter-Manhattan.png,FALSE,CPS2,Capcom,1997,Marvel  ,,,
Marvel vs Capcom,193,Avengers Headquarters,mvc_avengersHeadquarters.gif,TRUE,CPS2,Capcom,1998,Marvel  ,,,
Marvel vs Capcom,194,Blue Area of the Moon,mvc_blueAreaOfTheMoon.gif,TRUE,CPS2,Capcom,1998,Marvel  ,,,
Marvel vs Capcom,195,Dr. Wily's Base,mvc_drWilyBase.gif,TRUE,CPS2,Capcom,1998,Marvel  ,,,
Marvel vs Capcom,196,Headquarters of Evil,mvc_headquartersOfEvil.gif,TRUE,CPS2,Capcom,1998,Marvel  ,,,
Marvel vs Capcom,197,Men's Bathhouse,mvc_hondasBathhouse.gif,TRUE,CPS2,Capcom,1998,Marvel  ,,,
Marvel vs Capcom,198,Neo St. Petersburg,mvc_neoStPetersburg.gif,TRUE,CPS2,Capcom,1998,Marvel  ,,,
Marvel vs Capcom,265,Rooftop of the Daily Bugle,mvc_newYork.gif,TRUE,CPS2,Capcom,1998,Marvel  ,,,
Marvel vs Capcom,291,The Cliffs of Desolation,mvc_desertCliffs.gif,TRUE,CPS2,Capcom,1998,Marvel  ,,,
Fist of the North Star,83,Waterfall,fistNorthStar_Atomiswave.gif,TRUE,Atomiswave,Arc Systems Works,2005,none,,,
Kizuna Encounter,84,Boats,"kizunaEncounter_boats_day.gif,kizunaEncounter_boats.gif",TRUE,Neo Geo,SNK,1996,none,"Day,Night",,
Neo Geo Battle Coliseum,85,Last Resort,"Ngbclastresort1bg.gif,Ngbclastresort2bg.gif",FALSE,Atomiswave,SNK Playmore,2005,none,"Grey,Blue",,
Neo Geo Battle Coliseum,86,Castle,Ngbccastle1bg.gif,TRUE,Atomiswave,SNK Playmore,2005,none,,,
Neo Geo Battle Coliseum,88,Antenna,Ngbcantenna1bg.gif,FALSE,Atomiswave,SNK Playmore,2005,none,,,
Neo Geo Battle Coliseum,89,King of the Monsters,"Ngbckotm2bg.gif,Ngbckotm1bg.gif",FALSE,Atomiswave,SNK Playmore,2005,none,"Dusk,Night",,
Ninja Master's,199,Kamui,ninjaMasters_kamui.gif,TRUE,Neo Geo,ADK,1996,none,,,
Ninja Master's,200,Karasu,ninjaMasters_karasu.gif,TRUE,Neo Geo,ADK,1996,none,,,
Rage of the Dragons,292,Johan,rotd_johann.gif,TRUE,Neo Geo,Noise Factory,2002,none,,,
Rage of the Dragons,293,Overpass,rotd_overpass.gif,TRUE,Neo Geo,Noise Factory,2002,none,,,
Rage of the Dragons,294,School Yard,rotd_schoolYard.gif,TRUE,Neo Geo,Noise Factory,2002,none,,,
Rage of the Dragons,295,Temple with Pontiac,rotd_templeWithPontiac.gif,TRUE,Neo Geo,Noise Factory,2002,none,,,
Rage of the Dragons,296,Street at Night,rotd_StreetAtNight.gif,TRUE,Neo Geo,Noise Factory,2002,none,,,
Rage of the Dragons,297,Fighting Ring,rotd_fightingRing.gif,TRUE,Neo Geo,Noise Factory,2002,none,,,
Rage of the Dragons,298,Night Club,rotd_nightClub.gif,TRUE,Neo Geo,Noise Factory,2002,none,,,
Ragnagard,299,Igret,ragnagard_igret.gif,TRUE,Neo Geo,Saurus,1996,none,,,
Ragnagard,300,Chichi-Nene,ragnagard_chichiNene.gif,TRUE,Neo Geo,Saurus,1996,none,,,
Ragnagard,301,Gokuu,ragnagard_gokuu.gif,TRUE,Neo Geo,Saurus,1996,none,,,
SNK vs Capcom: SVC Chaos,91,Village in the Maniac World,svc_villageInTheManiacWorld.gif,TRUE,Neo Geo,SNK Playmore,2003,none,,,
SNK vs Capcom: SVC Chaos,92,Tunnel,svc_chaos_tunnelThing.gif,TRUE,Neo Geo,SNK Playmore,2003,none,,,
SNK vs Capcom: SVC Chaos,241,Crystal Shrine,svc_chaos_crystalShrine.gif,TRUE,Neo Geo,SNK Playmore,2003,none,,,
SNK vs Capcom: SVC Chaos,242,Power Generation Room,svc_chaos_powerGenerationRoom.gif,TRUE,Neo Geo,SNK Playmore,2003,none,,,
SNK vs Capcom: SVC Chaos,274,Telephone Poles,svc_telephonePoles.gif,TRUE,Neo Geo,SNK Playmore,2003,none,,,
SNK vs Capcom: SVC Chaos,289,Cathedral,svc_cathedral.gif,TRUE,Neo Geo,SNK Playmore,2003,none,,,
Waku Waku 7,93,Arina,"Ww7arina1bglite.gif,wakuwaku7_arina2.gif",TRUE,Neo Geo,Sunsoft,1996,none,"Round 1,Round 2",,
Waku Waku 7,243,Dandy-J,"wakuwaku7_dandy-j.gif,wakuWaku7_dandy-j2.gif,wakuWaku7_dandy-j3.gif",TRUE,Neo Geo,Sunsoft,1996,none,"Round 1,Round 2,Round 3",,
Waku Waku 7,244,Mauru,"wakuWaku7_mauru1.gif,wakuwaku7_mauru.gif,wakuWaku7_mauru3.gif",TRUE,Neo Geo,Sunsoft,1996,none,"Round 1,Round 2,Round 3",,
Waku Waku 7,245,Politank-Z,"wakuwaku7_politank-z.gif,wakuwaku7_politank-z2.gif,wakuwaku7_politank-z3.gif",TRUE,Neo Geo,Sunsoft,1996,none,"Round 1,Round 2,Round 3",,
Yie Ar Kung Fu,168,Mountains,yieArKungFu_mountains.png,FALSE,Arcade PCB,Konami,1985,none,,,
Samurai Shodown,94,Galford,ss_galford.gif,TRUE,Neo Geo,SNK,1993,Samurai Shodown,,,
Samurai Shodown,95,Ukyo,ss_ukyo.gif,TRUE,Neo Geo,SNK,1993,Samurai Shodown,,,
Samurai Shodown,96,Tam Tam,ss1-tamtam.gif,TRUE,Neo Geo,SNK,1993,Samurai Shodown,,,
Samurai Shodown,224,Charlotte,ss1_charlotte.gif,TRUE,Neo Geo,SNK,1993,Samurai Shodown,,,
Samurai Shodown,225,Earthquake,ss1_earthquake.gif,TRUE,Neo Geo,SNK,1993,Samurai Shodown,,,
Samurai Shodown,226,Gen An,ss1_genan.gif,TRUE,Neo Geo,SNK,1993,Samurai Shodown,,,
Samurai Shodown,227,Haohmaru,ss1_haohmaru.gif,TRUE,Neo Geo,SNK,1993,Samurai Shodown,,,
Samurai Shodown,228,Kyoshiro,ss1_kyoshiro.gif,TRUE,Neo Geo,SNK,1993,Samurai Shodown,,,
Samurai Shodown,229,Nakoruru,ss1_nakoruru.gif,TRUE,Neo Geo,SNK,1993,Samurai Shodown,,,
Samurai Shodown II,97,Ukyo,ss2_ukyo.gif,TRUE,Neo Geo,SNK,1994,Samurai Shodown,,,
Samurai Shodown II,98,Cham Cham,ss2_chamcham.gif,TRUE,Neo Geo,SNK,1994,Samurai Shodown,,,
Samurai Shodown II,99,Nakoruru,ss2_nakoruru.gif,TRUE,Neo Geo,SNK,1994,Samurai Shodown,,,
Samurai Shodown II,100,Hanzo,ss2_hanzo.gif,TRUE,Neo Geo,SNK,1994,Samurai Shodown,,,
Samurai Shodown II,101,Earthquake,ss2_earthquake.gif,TRUE,Neo Geo,SNK,1994,Samurai Shodown,,,
Samurai Shodown II,102,Haohmaru,ss2_haohmaru.gif,TRUE,Neo Geo,SNK,1994,Samurai Shodown,,,
Samurai Shodown II,103,Seiger,ss2_seiger.gif,TRUE,Neo Geo,SNK,1994,Samurai Shodown,,,
Samurai Shodown II,104,Caffeine Nicotine,ss2_caffeineNicotine.gif,TRUE,Neo Geo,SNK,1994,Samurai Shodown,,,
Samurai Shodown II,105,Galford,ss2_galford.gif,TRUE,Neo Geo,SNK,1994,Samurai Shodown,,,
Samurai Shodown II,106,Genjuro,ss2_genjuro.gif,TRUE,Neo Geo,SNK,1994,Samurai Shodown,,,
Samurai Shodown II,230,Gen An,ss2_genan.gif,TRUE,Neo Geo,SNK,1994,Samurai Shodown,,,
Samurai Shodown II,231,Wan Fu,ss2_wanfu.gif,TRUE,Neo Geo,SNK,1994,Samurai Shodown,,,
Samurai Shodown II,250,Mizuki,ss2_mizuki.gif,TRUE,Neo Geo,SNK,1994,Samurai Shodown,,,
Samurai Shodown II,251,Charlotte,ss2_charlotte.gif,TRUE,Neo Geo,SNK,1994,Samurai Shodown,,,
Samurai Shodown III,108,Rimiruru,ss3_rimiruru.gif,TRUE,Neo Geo,SNK,1995,Samurai Shodown,,,
Samurai Shodown III,174,Basara,"ss3_basara.gif,ss3_basara2.gif,ss3_basaraSpecial.gif",TRUE,Neo Geo,SNK,1995,Samurai Shodown,"Round 1,Round 2,Special",,
Samurai Shodown III,232,Shizumaru,"ss3_bambooForestDay.gif,ss3_shizumaruSpecial.gif",TRUE,Neo Geo,SNK,1995,Samurai Shodown,"Regular,Special",,
Samurai Shodown III,233,Gaira,"ss3_gaira1.gif,ss3_gaira.gif,ss3_gairaAlt.gif",TRUE,Neo Geo,SNK,1995,Samurai Shodown,"Round 1,Round 2,Special",,
Samurai Shodown III,234,Galford,"ss3_galford.gif,ss3_galfordSpecial.gif",TRUE,Neo Geo,SNK,1995,Samurai Shodown,"Round 1,Special",,
Samurai Shodown III,235,Genjuro,ss3_genjuro.gif,TRUE,Neo Geo,SNK,1995,Samurai Shodown,,,
Samurai Shodown III,236,Haohmaru,ss3_haohmaru.gif,TRUE,Neo Geo,SNK,1995,Samurai Shodown,,,
Samurai Shodown III,237,Kyoshiro,ss3_kyoshiro.gif,TRUE,Neo Geo,SNK,1995,Samurai Shodown,,,
Samurai Shodown III,238,Nakoruru,ss3_nakoruru.gif,TRUE,Neo Geo,SNK,1995,Samurai Shodown,,,
Samurai Shodown III,239,Hanzo,"ss3_rocky.gif,ss3_hanzoSpecial.gif",TRUE,Neo Geo,SNK,1995,Samurai Shodown,"Round 1,Special",,
Samurai Shodown III,240,Ukyo,"ss3_ukyo.gif,ss3_ukyoSpecial.gif",TRUE,Neo Geo,SNK,1995,Samurai Shodown,"Regular,Special",,
Samurai Shodown IV,109,Outside Castle,ss4_stonesAndCastle.gif,TRUE,Neo Geo,SNK,1996,Samurai Shodown,,,
Samurai Shodown IV,110,Wooden Beams,ss4_beams.gif,TRUE,Neo Geo,SNK,1996,Samurai Shodown,,,
Samurai Shodown IV,111,Burning Town,ss4_burningTown.gif,TRUE,Neo Geo,SNK,1996,Samurai Shodown,,,
Samurai Shodown IV,112,Beach,ss4_beach.gif,TRUE,Neo Geo,SNK,1996,Samurai Shodown,,,
Samurai Shodown IV,252,Cherry Blossoms at Night,ss4_nightCherryBlossoms.gif,TRUE,Neo Geo,SNK,1996,Samurai Shodown,,,
Samurai Shodown V,107,Towada 2,ss5_towada2.gif,TRUE,Neo Geo,Yuki,2003,Samurai Shodown,,,
Samurai Shodown V,169,Gaoh 1,ss5_gaoh1.gif,TRUE,Neo Geo,Yuki,2003,Samurai Shodown,,,
Street Fighter 2,113,E. Honda,sf2_bathhouse.gif,TRUE,CPS1,Capcom,1991,Street Fighter,,,
Street Fighter 2,290,Ken,sf2_ken.gif,TRUE,CPS1,Capcom,1991,Street Fighter,,,
Street Fighter 3: 3rd Strike,114,Alex,sf3_alex.gif,TRUE,CPS3,Capcom,1999,Street Fighter,,,
Street Fighter 3: 2nd Impact,115,Akuma,sf3si-akuma.png,FALSE,CPS3,Capcom,1997,Street Fighter,,sfgalleries,http://sfgalleries.net
Street Fighter 3: 2nd Impact,249,Ken,sf3si-ken.png,FALSE,CPS3,Capcom,1997,Street Fighter,,sfgalleries,http://sfgalleries.net
Street Fighter 3: 3rd Strike,116,Yang,sf3yang-1.gif,TRUE,CPS3,Capcom,1999,Street Fighter,,,
Street Fighter 3: 3rd Strike,284,Elena,sf33s_elena.gif,TRUE,CPS3,Capcom,1999,Street Fighter,,,
Street Fighter Alpha,117,SonSon Market,sfa1_sonsonMarket.gif,TRUE,CPS2,Capcom,1995,Street Fighter,,,
Street Fighter Alpha,209,Birdie,sfa1_birdie.gif,TRUE,CPS2,Capcom,1995,Street Fighter,,,
Street Fighter Alpha,210,Sodom,sfa1_sodom.gif,TRUE,CPS2,Capcom,1995,Street Fighter,,,
Street Fighter Alpha,223,Charlie,sfa_charlie.gif,TRUE,CPS2,Capcom,1995,Street Fighter,,,
Street Fighter Alpha 2,118,Dhalsim,sfa2_dhalsim.gif,TRUE,CPS2,Capcom,1996,Street Fighter,,,
Street Fighter Alpha 2,119,Guy,sfz2-guy.gif,TRUE,CPS2,Capcom,1996,Street Fighter,,,
Street Fighter Alpha 2,120,Gen ,sfa2_gen.gif,TRUE,CPS2,Capcom,1996,Street Fighter,,,
Street Fighter Alpha 2,121,Birdie,sfa2_birdie.gif,TRUE,CPS2,Capcom,1996,Street Fighter,,,
Street Fighter Alpha 2,211,Chun Li,sfa2_chunli.gif,TRUE,CPS2,Capcom,1996,Street Fighter,,,
Street Fighter Alpha 2,212,Ken,sfa2_ken.gif,TRUE,CPS2,Capcom,1996,Street Fighter,,,
Street Fighter Alpha 2,213,Market,sfa2_market.gif,TRUE,CPS2,Capcom,1996,Street Fighter,,,
Street Fighter Alpha 2,214,M. Bison,sfa2_mbison.gif,TRUE,CPS2,Capcom,1996,Street Fighter,,,
Street Fighter Alpha 3,215,Rolento,sfa3_rolento.gif,TRUE,CPS2,Capcom,1996,Street Fighter,,,
Street Fighter Alpha 2,216,Ryu,sfa2_ryu.gif,TRUE,CPS2,Capcom,1996,Street Fighter,,,
Street Fighter Alpha 2,217,Sakura,sfa2_sakura.gif,TRUE,CPS2,Capcom,1996,Street Fighter,,,
Street Fighter Alpha 2,218,Zangief,sfa2_zangief.gif,TRUE,CPS2,Capcom,1996,Street Fighter,,,
Street Fighter Alpha 2,268,Adon,sfa2_adon.gif,TRUE,CPS2,Capcom,1996,Street Fighter,,,
Street Fighter Alpha 2,269,Rose,sfa2_rose.gif,TRUE,CPS2,Capcom,1996,Street Fighter,,,
Street Fighter Alpha 3,279,Charlie,sfa3_charlie.gif,TRUE,CPS2,Capcom,1996,Street Fighter,,,
Street Fighter Alpha 2,280,Sodom,sfa2_sodom2.gif,TRUE,CPS2,Capcom,1996,Street Fighter,,,
Street Fighter Alpha 3,122,Mykonos Island (Cammy),sfa3_cammy.gif,TRUE,CPS2,Capcom,1998,Street Fighter,,,
Street Fighter Alpha 3,123,Market,sfa3_market.gif,TRUE,CPS2,Capcom,1998,Street Fighter,,,
Street Fighter Alpha 3,124,Gen,z3-gen.gif,TRUE,CPS2,Capcom,1998,Street Fighter,,,
Street Fighter Alpha 3,125,Sodom,sfa3_sodom.gif,TRUE,CPS2,Capcom,1998,Street Fighter,,,
Street Fighter Alpha 3,126,Guy,StreetFighterAlpha3-Guy.png,FALSE,CPS2,Capcom,1998,Street Fighter,,,
Street Fighter Alpha 3,173,Zhidan Plaza (Chun Li),sfa3_chunli.gif,TRUE,CPS2,Capcom,1998,Street Fighter,,,
Street Fighter Alpha 3,219,Blanka,sfa3_blanka.gif,TRUE,CPS2,Capcom,1998,Street Fighter,,,
Street Fighter Alpha 3,220,Cody,sfa3_cody.gif,TRUE,CPS2,Capcom,1998,Street Fighter,,,
Street Fighter Alpha 3,221,Dhalsim,sfa3_dhalsim.gif,TRUE,CPS2,Capcom,1998,Street Fighter,,,
Street Fighter Alpha 3,222,Rainbow Mika,sfa3_rainbowMika.gif,TRUE,CPS2,Capcom,1998,Street Fighter,,,
Street Fighter Alpha 3,270,Birdie,sfa3_birdie.gif,TRUE,CPS2,Capcom,1998,Street Fighter,,,
Street Fighter Alpha 3,271,E. Honda,sfa3_ehonda.gif,TRUE,CPS2,Capcom,1998,Street Fighter,,,
Street Fighter Alpha 3,272,Ken,sfa3_ken.gif,TRUE,CPS2,Capcom,1998,Street Fighter,,,
Street Fighter Alpha 3,273,Ryu,sfa3_ryu.gif,TRUE,CPS2,Capcom,1998,Street Fighter,,,
Street Fighter Alpha 3,281,Rose,sfa3_rose.gif,TRUE,CPS2,Capcom,1998,Street Fighter,,,
Super Gem Fighter Mini Mix,127,The Bar,pocketFighter_bar.gif,TRUE,CPS2,Capcom,1997,Street Fighter,,,
Super Gem Fighter Mini Mix,201,Beach,pocketFighter_beach.gif,TRUE,CPS2,Capcom,1997,Street Fighter,,,
Super Gem Fighter Mini Mix,202,China,pocketFighter_china.gif,TRUE,CPS2,Capcom,1997,Street Fighter,,,
Super Gem Fighter Mini Mix,203,Darkstalkers Cabin,pocketFighter_darkstalkersCabin.gif,TRUE,CPS2,Capcom,1997,Street Fighter,,,
Super Gem Fighter Mini Mix,204,Demitri's Castle,pocketFighter_demitrisCastle.gif,TRUE,CPS2,Capcom,1997,Street Fighter,,,
Super Gem Fighter Mini Mix,205,Ski Resort,pocketFighter_skiSlope.gif,TRUE,CPS2,Capcom,1997,Street Fighter,,,
Super Gem Fighter Mini Mix,206,Downtown,pocketFighters_downtown.gif,TRUE,CPS2,Capcom,1997,Street Fighter,,,
Super Gem Fighter Mini Mix,283,Moonlight Dark Castle,pocketFighters_moonlightDarkCastle.gif,TRUE,CPS2,Capcom,1997,Street Fighter,,,
Super Street Fighter 2 Turbo,128,Blanka,ssf2t_blanka.gif,TRUE,CPS2,Capcom,1994,Street Fighter,,,
Super Street Fighter 2 Turbo,129,Cammy,ssf2t_cammy.gif,TRUE,CPS2,Capcom,1994,Street Fighter,,,
Super Street Fighter 2 Turbo,130,Dhalsim,ssf2t_dhalsim.gif,TRUE,CPS2,Capcom,1994,Street Fighter,,,
Street Fighter 2,131,Sagat,sf2_sagat.gif,TRUE,CPS1,Capcom,1991,Street Fighter,,,
Super Street Fighter 2 Turbo,132,T-Hawk,ssf2t_thawk.gif,TRUE,CPS2,Capcom,1994,Street Fighter,,,
Super Street Fighter 2 Turbo,133,Guile,ssf2t_guile.gif,TRUE,CPS2,Capcom,1994,Street Fighter,,,
Super Street Fighter 2 Turbo,134,Zangief,ssf2t_zangief.gif,TRUE,CPS2,Capcom,1994,Street Fighter,,,
Super Street Fighter 2 Turbo,135,Dee Jay,ssf2t_deeJay.gif,TRUE,CPS2,Capcom,1994,Street Fighter,,,
Super Street Fighter 2 Turbo,136,Fei Long,ssf2t_feiLong.gif,TRUE,CPS2,Capcom,1994,Street Fighter,,,
Super Street Fighter 2 Turbo,137,Vega,ssf2t_vega.gif,TRUE,CPS2,Capcom,1994,Street Fighter,,,
Super Street Fighter 2 Turbo,138,Ken,ssf2t_ken.gif,TRUE,CPS2,Capcom,1994,Street Fighter,,,
Super Street Fighter 2 Turbo,139,Bison,ssf2t_bison.gif,TRUE,CPS2,Capcom,1994,Street Fighter,,,
Super Street Fighter 2 Turbo,140,Balrog,ssf2t_balrog.gif,TRUE,CPS2,Capcom,1994,Street Fighter,,,
Super Street Fighter 2 Turbo,141,Chun Li,ssf2t_chunLi.gif,TRUE,CPS2,Capcom,1994,Street Fighter,,,
The Last Blade,142,Lee,lb_lee.gif,TRUE,Neo Geo,SNK,1997,The Last Blade,,,
The Last Blade,143,Genbu,lastblade_turtleGuy.gif,TRUE,Neo Geo,SNK,1997,The Last Blade,,,
The Last Blade,144,Kaede,lastblade_fallLeaves.gif,TRUE,Neo Geo,SNK,1997,The Last Blade,,,
The Last Blade,145,Amano,lastblade_amano.gif,TRUE,Neo Geo,SNK,1997,The Last Blade,,,
The Last Blade,146,Shigen,lb_shigen.gif,TRUE,Neo Geo,SNK,1997,The Last Blade,,,
The Last Blade,147,Houses at night,lastblade_nightHouses.gif,TRUE,Neo Geo,SNK,1997,The Last Blade,,,
The Last Blade,148,Zantetsu,lastBlade1_insideBoat.gif,TRUE,Neo Geo,SNK,1997,The Last Blade,,,
The Last Blade,149,Yuki,lastblade_snow.gif,TRUE,Neo Geo,SNK,1997,The Last Blade,,,
The Last Blade,150,Akari,lastblade_akari.gif,TRUE,Neo Geo,SNK,1997,The Last Blade,,,
The Last Blade,151,Moriya,lastblade_windy.gif,TRUE,Neo Geo,SNK,1997,The Last Blade,,,
The Last Blade,152,Town,lastblade_town.gif,TRUE,Neo Geo,SNK,1997,The Last Blade,,,
The Last Blade,153,Kagami,"lb_kagami.gif,lb_kagami2.gif",TRUE,Neo Geo,SNK,1997,The Last Blade,"Round 1,Round 2",,
The Last Blade,154,Musashi,lb_musashi.gif,TRUE,Neo Geo,SNK,1997,The Last Blade,,,
The Last Blade,155,Shikyoh,lb_shikyoh.gif,TRUE,Neo Geo,SNK,1997,The Last Blade,,,
The Last Blade 2,156,Forgotten Forest,lb2_forgottenForest.gif,TRUE,Neo Geo,SNK,1998,The Last Blade,,,
The Last Blade 2,157,Fire at the Wadamoya,lastblade_burningBuildingInside.gif,TRUE,Neo Geo,SNK,1998,The Last Blade,,,
The Last Blade 2,158,Shrine of the Sealing,lb2_shrineOfTheSealing.gif,TRUE,Neo Geo,SNK,1998,The Last Blade,,,
The Last Blade 2,159,War Scene,lastblade_warScene.gif,TRUE,Neo Geo,SNK,1998,The Last Blade,,,
The Last Blade 2,160,Village of Setting Sun,lastblade_duskCountry.gif,TRUE,Neo Geo,SNK,1998,The Last Blade,,,
The Last Blade 2,161,Port Town,lb2_portTown.gif,TRUE,Neo Geo,SNK,1998,The Last Blade,,,
The Last Blade 2,162,Shimiji Pass,lb2_shimijiPass.gif,TRUE,Neo Geo,SNK,1998,The Last Blade,,,
The Last Blade 2,262,Hell's Gate,lb2_kaede.gif,TRUE,Neo Geo,SNK,1998,The Last Blade,,,
The Last Blade 2,263,Graveyard,lb2_kojiroh.gif,TRUE,Neo Geo,SNK,1998,The Last Blade,,,
The Last Blade 2,264,"Last Night of ""Yuki-Machi""",lb2_nightTown.gif,TRUE,Neo Geo,SNK,1998,The Last Blade,,,
Street Fighter Alpha 2,302,Venezuela (M. Bison),sfa2_venezuela.gif,TRUE,CPS2,Capcom,1996,Street Fighter,,,
Waku Waku 7,304,Slash,"wakuwaku7_slash1.gif,wakuwaku7_slash2.gif,wakuwaku7_slash3.gif",TRUE,Neo Geo,Sunsoft,1996,none,"Round 1,Round 2,Round 3",,
Ninja Master's,305,Houoh,ninjaMasters_houoh.gif,TRUE,Neo Geo,ADK,1996,none,,,
Ninja Master's,306,Raiga,ninjaMasters_raiga.gif,TRUE,Neo Geo,ADK,1996,none,,,
Ninja Master's,307,Ranmaru,ninjaMasters_ranmaru.gif,TRUE,Neo Geo,ADK,1996,none,,,
Ninja Master's,308,Tenho,ninjaMasters_tenho.gif,TRUE,Neo Geo,ADK,1996,none,,,
Ninja Master's,309,Unzen,ninjaMasters_unzen.gif,TRUE,Neo Geo,ADK,1996,none,,,
SNK vs Capcom: SVC Chaos,310,Forest,svc_forest.gif,TRUE,Neo Geo,SNK Playmore,2003,none,,,
SNK vs Capcom: SVC Chaos,311,Temple at Night,svc_templeAtNight.gif,TRUE,Neo Geo,SNK Playmore,2003,none,,,
The King of Fighters '99,312,Krizalid,"kof99_krizalid.gif,kof99_krizalid2.gif",TRUE,Neo Geo,SNK,1999,King of Fighters,"Round 1,Round 2",,
The King of Fighters 2000,313,Korea,kof2000_korea.gif,TRUE,Neo Geo,SNK,2000,King of Fighters,,,
Kabuki Klash,314,Hida (Manjimaru),kabukiKlash_manjimaru.gif,TRUE,Neo Geo,Hudson,1995,Kabuki Klash,,,
Kabuki Klash,315,Hakusan (Orochimaru),kabukiKlash_hakusan_Orochimaru.gif,TRUE,Neo Geo,Hudson,1995,Kabuki Klash,,,
Kabuki Klash,316,Izumo (Yagumo),kabukiKlash_izumo_Yagumo.gif,TRUE,Neo Geo,Hudson,1995,Kabuki Klash,,,
The King of Fighters XI,317,Garage,kofxi_garage.gif,TRUE,Atomiswave,SNK Playmore,2005,King of Fighters,,,
The King of Fighters 2000,318,Zero,kof2000_zero.gif,TRUE,Neo Geo,SNK,2000,King of Fighters,,,
Samurai Shodown V,319,Boats,ss5_boat.gif,TRUE,Neo Geo,Yuki,2003,Samurai Shodown,,,
Samurai Shodown III,320,Zankuro,"ss3_zankuro.gif,ss3_zankuro2.gif",TRUE,Neo Geo,SNK,1995,Samurai Shodown,"Round 1,Round 2",,
Ninja Master's,321,Natsume,ninjaMasters_natsume.gif,TRUE,Neo Geo,ADK,1996,none,,,
Waku Waku 7,322,Rai,"wakuWaku7_rai1.gif,wakuWaku7_rai2.gif,wakuWaku7_rai3.gif",TRUE,Neo Geo,Sunsoft,1996,none,"Round 1,Round 2,Round 3",,
The King of Fighters XI,324,Ice Festival,kofxi_iceFestival.gif,TRUE,Atomiswave,SNK Playmore,2005,King of Fighters,,,
The King of Fighters XI,325,Temple,kofxi_temple.gif,TRUE,Atomiswave,SNK Playmore,2005,King of Fighters,,,
The King of Fighters XI,326,White Town,kofxi_whiteTown.gif,TRUE,Atomiswave,SNK Playmore,2005,King of Fighters,,,
The King of Fighters XI,327,Magaki,kofxi_magaki.gif,TRUE,Atomiswave,SNK Playmore,2005,King of Fighters,,,
Samurai Shodown V Special,328,Mt. Fuji at Night,ss5s_mtFujiNight.gif,TRUE,Neo Geo,Yuki,2004,Samurai Shodown,,,
Samurai Shodown V Special,329,Mt. Fuji,ss5s_mtFujiDay.gif,TRUE,Neo Geo,Yuki,2004,Samurai Shodown,,,
Guilty Gear X2 Reload,330,Bridget,ggx2r_bridget.gif,TRUE,NAOMI,Arc Systems Works,2002,Guilty Gear,,,
Samurai Shodown,331,Amakusa,"ss1_amakusa1.gif,ss1_amakusa2.gif",TRUE,Neo Geo,SNK,1993,Samurai Shodown,"Round 1,Round 2",,
Ragnagard,332,Susano,ragnagard_susano.gif,TRUE,Neo Geo,Saurus,1996,none,,,
Marvel vs Capcom,333,Women's Bathhouse,mvc_womensBathhouse.gif,TRUE,CPS2,Capcom,1998,Marvel  ,,,
Kabuki Klash,334,Kamakura,"kabukiKlash_kamakura_jyashinsai.gif,kabukiKlash_kamakura_lucifeller.gif",TRUE,Neo Geo,Hudson,1995,Kabuki Klash,"Jyashinsai,Lucifeller",,
Kabuki Klash,335,Tsukuba (Ziria),kabukiKlash_tsukuba_ziria.gif,TRUE,Neo Geo,Hudson,1995,Kabuki Klash,,,
Samurai Shodown V Special,336,Osorezan,ss5s_osorezan.gif,TRUE,Neo Geo,Yuki,2004,Samurai Shodown,,,
Kabuki Klash,337,Zaou (Manto),kabukiKlash_zaou_manto.gif,TRUE,Neo Geo,Hudson,1995,Kabuki Klash,,,
Real Bout Fatal Fury Special,338,Geese Tower,rbs_geeseTower.gif,TRUE,Neo Geo,SNK,1997,Fatal Fury,,,
Waku Waku 7,339,Fernandez,"wakuWaku7_fernandez.gif,wakuWaku7_fernandez2.gif,wakuWaku7_fernandez3.gif",TRUE,Neo Geo,Sunsoft,1996,none,"Round 1,Round 2,Round 3",,
Street Fighter 2,340,Ryu,sf2_ryu.gif,TRUE,CPS1,Capcom,1991,Street Fighter,,,
Breakers Revenge,341,Rila,breakersRevenge_rila.gif,TRUE,Neo Geo,Visco,1996,Breakers,,,
Breakers Revenge,342,Bai-Hu,breakersRevenge_bai-hu.gif,TRUE,Neo Geo,Visco,1996,Breakers,,,
Breakers Revenge,343,Tia,breakersRevenge_tia.gif,TRUE,Neo Geo,Visco,1996,Breakers,,,
The King of Fighters 2001,344,Igniz,kof2001_igniz.gif,TRUE,Neo Geo,Eolith,2001,King of Fighters,,,
The King of Fighters 2001,345,Zero,kof2001_zero.gif,TRUE,Neo Geo,Eolith,2001,King of Fighters,,,
Art of Fighting 3,346,Cemetery,aof3_cemetery.gif,TRUE,Neo Geo,SNK,1996,Art of Fighting,,,
Samurai Shodown III,347,Amakusa,"ss3_amakusa1.gif,ss3_amakusa2.gif,ss3_amakusaSpecial.gif",TRUE,Neo Geo,SNK,1995,Samurai Shodown,"Round 1,Round 2,Special",,
Breakers Revenge,348,Sho,breakersRevenge_sho.gif,TRUE,Neo Geo,Visco,1996,Breakers,,,
World Heroes Perfect,349,The Period,ngbg_whp_downtown.gif,TRUE,Neo Geo,ADK,1995,World Heroes,,,
Kizuna Encounter,350,Skyscraper Construction,"kizunaEncounter_skyscraperConstructionSunset.gif,kizunaEncounter_skyscraperConstructionNight.gif",TRUE,Neo Geo,SNK,1996,none,"Sunset,Night",,
World Heroes 2,351,Fuuma,wh2_fuuma.gif,TRUE,Neo Geo,ADK,1993,World Heroes,,,
World Heroes 2,352,J. Karn,wh2_jkarn.gif,TRUE,Neo Geo,ADK,1993,World Heroes,,,
Aggressors of Dark Kombat,353,Forest,aodk_forest.gif,TRUE,Neo Geo,ADK,1994,none,,,
Aggressors of Dark Kombat,354,London,aodk_london.gif,TRUE,Neo Geo,ADK,1994,none,,,
Aggressors of Dark Kombat,355,Subway,aodk_subway.gif,TRUE,Neo Geo,ADK,1994,none,,,
World Heroes 2,356,Rasputen,wh2_rasputen.gif,TRUE,Neo Geo,ADK,1993,World Heroes,,,
World Heroes,357,Rasputen,wh_rasputen.gif,TRUE,Neo Geo,ADK,1992,World Heroes,,,
World Heroes,358,J. Karn,wh_jkarn.gif,TRUE,Neo Geo,ADK,1992,World Heroes,,,
Aggressors of Dark Kombat,359,Desert,aodk_desert.gif,TRUE,Neo Geo,ADK,1994,none,,,
Real Bout Fatal Fury,360,East Side Park,"rbff_eastSidePark.gif,rbff_eastSidePark_evening.gif,rbff_eastSidePark_night.gif",FALSE,Neo Geo,SNK,1995,Fatal Fury,"Day,Evening,Night",,
Real Bout Fatal Fury,361,West Subway,rbff_westSubway.gif,FALSE,Neo Geo,SNK,1995,Fatal Fury,,,
Real Bout Fatal Fury Special,362,Cherry Blossoms Bridge,"rbs_cherryBlossomBridge_round1.gif,rbs_cherryBlossomBridge_round2.gif,rbs_cherryBlossomBridge_round3.gif",TRUE,Neo Geo,SNK,1997,Fatal Fury,"Round 1,Round 2,Round 3",,
Real Bout Fatal Fury Special,363,China,rbs_china_round1.gif,TRUE,Neo Geo,SNK,1997,Fatal Fury,,,
Real Bout Fatal Fury Special,364,Korean Dojo,"rbs_koreanDojo_round1.gif,rbs_koreanDojo_round2.gif,rbs_koreanDojo_round3.gif",TRUE,Neo Geo,SNK,1997,Fatal Fury,"Round 1,Round 2,Round 3",,
Real Bout Fatal Fury Special,365,Rainforest,"rbs_rainforest_round1.gif,rbs_rainforest_round2.gif,rbs_rainforest_round3.gif",TRUE,Neo Geo,SNK,1997,Fatal Fury,"Round 1,Round 2,Round 3",,
The King of Fighters '99,366,Chinese Kitchen,kof99_chineseKitchen.gif,TRUE,Neo Geo,SNK,1999,King of Fighters,,,
World Heroes Perfect,367,The Megalithic Age,whp_theMegalithicAge.gif,TRUE,Neo Geo,ADK,1995,World Heroes,,,
Kizuna Encounter,368,Dead end,"kizunaEncounter_deadend_day.gif,kizunaEncounter_deadend_night.gif",TRUE,Neo Geo,SNK,1996,none,"Day,Night",,
Kizuna Encounter,369,Bad Alley,"kizunaEncounter_badAlley_day.gif,kizunaEncounter_badAlley_night.gif",TRUE,Neo Geo,SNK,1996,none,"Day,Night",,
Voltage Fighter Gowcaizer,370,Gowcaizer,gowcaizer_gowcaizer.gif,TRUE,Neo Geo,Technos,1995,none,,,
Voltage Fighter Gowcaizer,371,Brider,gowcaizer_brider.gif,TRUE,Neo Geo,Technos,1995,none,,,
Voltage Fighter Gowcaizer,372,Captain Atlantis,gowcaizer_captainAtlantis.gif,TRUE,Neo Geo,Technos,1995,none,,,
Voltage Fighter Gowcaizer,373,Fudomaru,gowcaizer_fudomaru.gif,TRUE,Neo Geo,Technos,1995,none,,,
Voltage Fighter Gowcaizer,374,Karin,gowcaizer_karin.gif,TRUE,Neo Geo,Technos,1995,none,,,
Voltage Fighter Gowcaizer,375,Kyosuke,gowcaizer_kyosuke.gif,TRUE,Neo Geo,Technos,1995,none,,,
Voltage Fighter Gowcaizer,376,Marion,gowcaizer_marion.gif,TRUE,Neo Geo,Technos,1995,none,,,
Voltage Fighter Gowcaizer,377,Shaia,gowcaizer_shaia.gif,TRUE,Neo Geo,Technos,1995,none,,,
Voltage Fighter Gowcaizer,378,Shenlong,gowcaizer_shenlong.gif,TRUE,Neo Geo,Technos,1995,none,,,
Voltage Fighter Gowcaizer,379,Stinger,gowcaizer_stinger.gif,TRUE,Neo Geo,Technos,1995,none,,,
Ragnagard,380,Benten,ragnagard_benten.gif,TRUE,Neo Geo,Saurus,1996,none,,,
Double Dragon,381,Abobo,doubleDragon_abobo.gif,TRUE,Neo Geo,Technos,1995,none,,,
Double Dragon,382,Amon,doubleDragon_amon.gif,TRUE,Neo Geo,Technos,1995,none,,,
Double Dragon,383,Burnov,doubleDragon_burnov.gif,TRUE,Neo Geo,Technos,1995,none,,,
Double Dragon,384,Eddie,doubleDragon_eddie.gif,TRUE,Neo Geo,Technos,1995,none,,,